{
	"info": {
		"_postman_id": "d1b91f46-abcf-4e45-88f9-2e1d00fd98c0",
		"name": "BIG-IP Next Telemetry and Metrics",
		"description": "`Configuring Telemetry Exhaust to External OpenTelemetry Collector`\n\nThis is for allowing data to be sent to external telemetry systems (InfluxDB, Prometheus, etc.) via an externally controlled OpenTelemetry collector. This collector must be configured for mTLS. When collecting certs and keys for use in Postman calls, these files must be converted to a single line that is JSON-compatible.\n\n1. Deploy OpenTelemetry collector in desired location in user's infrastructure.\n2. Create Root CA keys & certs.\n3. Create Server keys and certs.\n4. Convert Root CA to single-line format, copy into **external_telemetry_service_root_ca** environment value.\n5. Convert Server Certificate to single-line format, copy into **external_telemetry_service_public_key** environment value.\n6. Convert Server Private Key to single-line format, copy into **external_telemetry_service_private_key** environment value.\n    \n\n**Converting Keys and Certs to Single-Line Format**\n\nPlain Text\n\n```\nawk 'NF {sub(/\\r/, \"\"); printf \"%s\\\\n\",$0;}' \n\n ```",
		"schema": "https://schema.getpostman.com/json/collection/v2.0.0/collection.json",
		"_exporter_id": "6342159"
	},
	"item": [
		{
			"name": "Login (target)",
			"event": [
				{
					"listen": "test",
					"script": {
						"exec": [
							"pm.test(\"Login status code is 200\", function () {",
							"    pm.response.to.have.status(200);",
							"});",
							"var resp = pm.response.json();",
							"pm.environment.set(\"bigip_next_1_token\", resp.token);",
							"pm.collectionVariables.set(\"bigip_next_1_token\", resp.token);"
						],
						"type": "text/javascript"
					}
				}
			],
			"request": {
				"auth": {
					"type": "basic",
					"basic": {
						"username": "{{bigip_next_admin_user}}",
						"password": "{{bigip_next_admin_password}}"
					}
				},
				"method": "GET",
				"header": [],
				"url": "https://{{bigip_next_mgmt_target_ip}}:{{bigip_next_mgmt_port}}/api/v1/login"
			},
			"response": []
		},
		{
			"name": "Get Services",
			"request": {
				"auth": {
					"type": "bearer",
					"bearer": {
						"token": "{{bigip_next_1_token}}"
					}
				},
				"method": "GET",
				"header": [],
				"url": "https://{{bigip_next_mgmt_target_ip}}:{{bigip_next_mgmt_port}}/api/v1/services"
			},
			"response": []
		},
		{
			"name": "Add Telemetry Receiver",
			"request": {
				"auth": {
					"type": "bearer",
					"bearer": {
						"token": "{{bigip_next_1_token}}"
					}
				},
				"method": "PUT",
				"header": [],
				"body": {
					"mode": "raw",
					"raw": "{\r\n    \"name\": \"{{telemetry_service_name}}\",\r\n    \"analytics\":\r\n    {\r\n        \"servers\":\r\n        [{\r\n            \"serverType\": \"OtlpServer\",\r\n            \"hostname\": \"{{external_telemetry_service_hostname}}\",\r\n            \"port\": {{external_telemetry_service_port}},\r\n            \"associatedAddress\": \"{{external_telemetry_service_ip}}\",\r\n            \"tls\": true,\r\n            \"privateKey\": \"{{external_telemetry_service_private_key}}\",\r\n            \"certificate\": \"{{external_telemetry_service_public_key}}\",\r\n            \"rootCA\": \"{{external_telemetry_service_root_ca}}\"\r\n        }]\r\n    }\r\n}",
					"options": {
						"raw": {
							"language": "json"
						}
					}
				},
				"url": "https://{{bigip_next_mgmt_target_ip}}:{{bigip_next_mgmt_port}}/api/v1/services"
			},
			"response": []
		},
		{
			"name": "Delete Service",
			"request": {
				"auth": {
					"type": "bearer",
					"bearer": {
						"token": "{{bigip_next_1_token}}"
					}
				},
				"method": "DELETE",
				"header": [],
				"body": {
					"mode": "raw",
					"raw": "{\r\n    \"name\": \"s2\",\r\n    \"analytics\":\r\n    {\r\n        \"servers\":\r\n        [{\r\n            \"serverType\": \"HttpsServer\",\r\n            \"l4ClientSide\": \"myl4-2\"\r\n        }]\r\n    }\r\n}",
					"options": {
						"raw": {
							"language": "json"
						}
					}
				},
				"url": "https://{{bigip_next_mgmt_target_ip}}:{{bigip_next_mgmt_port}}/api/v1/services/3192a04e-f5c0-4687-b014-82116abde434"
			},
			"response": []
		}
	],
	"variable": [
		{
			"key": "bigip_next_1_token",
			"value": ""
		}
	]
}