{
	"id": "51fee899-3312-480e-8cf9-4d05de0d5520",
	"name": "Env. F5 BIG-IP Next Telemetry Consumer",
	"values": [
		{
			"key": "bigip_next_mgmt_target_ip",
			"value": "10.1.1.9 or 10.1.1.7 (HA or Standalone)",
			"enabled": true
		},
		{
			"key": "bigip_next_mgmt_port",
			"value": "5443",
			"enabled": true
		},
		{
			"key": "bigip_next_admin_user",
			"value": "admin-cm",
			"enabled": true
		},
		{
			"key": "bigip_next_admin_password",
			"value": "abc123",
			"enabled": true
		},
		{
			"key": "external_telemetry_service_hostname",
			"value": "collector.f5demo.net",
			"type": "default",
			"enabled": true
		},
		{
			"key": "external_telemetry_service_ip",
			"value": "10.1.1.10",
			"type": "default",
			"enabled": true
		},
		{
			"key": "external_telemetry_service_port",
			"value": "55681",
			"type": "default",
			"enabled": true
		},
		{
			"key": "external_telemetry_service_public_key",
			"value": "-----BEGIN CERTIFICATE-----\\nMIIDoTCCAomgAwIBAgIUf+hXjNmW7NlMaJH6Nuo9omJgM7QwDQYJKoZIhvcNAQEL\\nBQAwUDELMAkGA1UEBhMCVVMxEzARBgNVBAgTCldhc2hpbmd0b24xEDAOBgNVBAcT\\nB1NlYXR0bGUxCzAJBgNVBAoTAkY1MQ0wCwYDVQQLEwREZW1vMB4XDTIyMDgwMzEw\\nNDIwMFoXDTI3MDgwMjEwNDIwMFowJTEjMCEGA1UEAxMaYmlnLWlwLW5leHQtMDEu\\nZXhhbXBsZS5jb20wggEiMA0GCSqGSIb3DQEBAQUAA4IBDwAwggEKAoIBAQDJY4a6\\ngSqZCGxjmBMKP+nYq/yH2eYTUNhCYc56ArXtIUMiFXBmygEXlupEaKGnE5rxRbt8\\nz5+wkrSsqSt23lalBBhP7viCH79LI3Ky0fCaqKdi9f12hAgocdu9u17YV1Jpyjtc\\n3nafTGnbZ4ZD9qQM53SCn98uxthn1bOSavGiGBIgM9ng8xRBcP0DL6GSGbq5950d\\nKy0W1EnRnW5a96p/ZdP3LVa+8I2UF/W3JWyoV4DlmzMfrTPmTKn1Chc566Ee/H3S\\nHN4+cjhRt8QIRS8Udc2PEOILKWG+inuLlwN8OkfK3CEeyW/xWVxSr5UgD2dBW6oC\\n0u3hMLvHy1AqxUT7AgMBAAGjgZ0wgZowDgYDVR0PAQH/BAQDAgWgMBMGA1UdJQQM\\nMAoGCCsGAQUFBwMBMAwGA1UdEwEB/wQCMAAwHQYDVR0OBBYEFEVad1TOVk+dktOX\\nD+LuuN+NLVeuMB8GA1UdIwQYMBaAFLXm/qrHcaCHWmM9WRCpBabFJ71LMCUGA1Ud\\nEQQeMByCGmJpZy1pcC1uZXh0LTAxLmV4YW1wbGUuY29tMA0GCSqGSIb3DQEBCwUA\\nA4IBAQDNwdYZb48WNwbsoqWtlgSDxbvUcrzxnJjxgIG5Em3ViDKWuzwts4X4UY/A\\nHrbJjJ1q1F+Uc98AjW3AT50feFN9NEVD7wmdjZi7j5IUuuVvvVG8rTU+Z32BV4Pw\\nofrK3P3gj1VM59vK+BmOpom20Ijr9JTJQKrD12Aq3g9i3XPotpRb9dGWCSiBLD3R\\n+CJFg57LtNu6IRiyyUckrZg5h7FLiMGaCeELJvNlHx6zNcaTn9FtXNXwErAtoPot\\ni86xNEUY47aC877um+27+lnHpBoQdMz/2sCYB6/1kFuFmgNy+zbzMmFUeNTy2G7I\\nEp6d3PQbxWk6aykNEbqB2TKf0HLX\\n-----END CERTIFICATE-----\\n",
			"type": "default",
			"enabled": true
		},
		{
			"key": "external_telemetry_service_private_key",
			"value": "-----BEGIN RSA PRIVATE KEY-----\\nMIIEpQIBAAKCAQEAyWOGuoEqmQhsY5gTCj/p2Kv8h9nmE1DYQmHOegK17SFDIhVw\\nZsoBF5bqRGihpxOa8UW7fM+fsJK0rKkrdt5WpQQYT+74gh+/SyNystHwmqinYvX9\\ndoQIKHHbvbte2FdSaco7XN52n0xp22eGQ/akDOd0gp/fLsbYZ9WzkmrxohgSIDPZ\\n4PMUQXD9Ay+hkhm6ufedHSstFtRJ0Z1uWveqf2XT9y1WvvCNlBf1tyVsqFeA5Zsz\\nH60z5kyp9QoXOeuhHvx90hzePnI4UbfECEUvFHXNjxDiCylhvop7i5cDfDpHytwh\\nHslv8VlcUq+VIA9nQVuqAtLt4TC7x8tQKsVE+wIDAQABAoIBAQC5mznD0GHjMuk6\\njSEXNDqg0DnpNwEeUkdOPvheaPsk9p/53MqAYbLJ+/QjYk+CPcZykbMvX+eshDly\\nXGPLpTUz1udVXEi7HOlgJeaDOoxG7iN/SHn27c7a/7znS7YpK6mwCIvXlsy7GmEB\\nrpMHNlyR7Avsi83VPbybTlC3JEtY+LSncCSQODFG3s4YnMGC1SOAEmQ/ewHCHesu\\nvl3+ssW2AOkfh59eqo71k0P9QjvMF66OaxAdrdFw40nCy4oNnzeZjPchrHCn/2PQ\\nt7BzoR3RcQsxDWBC78MGmnVV2iUCALw2xWQxLGxMLROQ7Ll9qY1lPo0FYUaPqpZV\\nFRQHKktZAoGBAPRv2GcDCKyUn/Pi/rzj55Og2K4SufAPsYdxpHhjgsrWYAoI1/yN\\nRq5EciwBJEx/zNe1fArSt6hMzWNyCa64cay+Oqkj9Azazkkj9Nhx6bwYlaR9mSWa\\nlkcgg5KjSCgUe+SuaShtIku3/Y6r4UZrNK7qavwuA3j3AdDvui81HiivAoGBANLq\\nXS+4tmgrsfXUv8i/Tr0qBhdrhTveytnAMoxZ5JpisXU/QLzKDsE/fXdZa9AZVjEU\\n2pVCzwFtPMGUfwZptfs09+0S0Dj1rkBPATtL5DOY3ls/8WV1jfi0bLCHGYOOeYjO\\nBkeFPJmv50VwlnpvnvNkrUV2YyrXb7v7abWoD2N1AoGARDHgAf1KsjtU1MoDn9dF\\niF5blVUMIvl94ffGlv/MQaLFcIc/GuqfSYc3AyfeZKlTEOtFDA/1xTKIKrJqGSDE\\nNhlsbDvnnp585tLtQGWnfB6vwRB5ZZBXVMixbHu5adUtK4OtOuYXp2BRkThKxUar\\nkBE+f9Smi1z+WLhJDVqYa2kCgYEAjmU4IL3eOJo3fbby/D9ck43JqwomW3NhFH4U\\nInmWQz0afgQEWvE34PRSar9ucIKKlHx1zovaYiYz/KWa1OONv1nVgLNQ7QPBbx1n\\nwXbNTKCKjqSu/0bMYPq+3rd3XEBWgSxHRQYJEeGWjGUk0uiFMeHosZrp/MSSZSGq\\nDsC2EvkCgYEAipv6hPaZb2incXUOyb9XL5FSrsYwA9jABJdTSKWxs1PwHz6ZXebo\\nZBAJ5MKAWaA+BmjSsdGxE9Gw3orD1WaLY7ft83ZZyvMpsJ6bS5C/AKeD8m6AyN/E\\n97ojrEOe5kxyWRrowdUKgyCxe7mNlfYrO6pFL08PzirnnjtXFbUS0w8=\\n-----END RSA PRIVATE KEY-----\\n",
			"type": "default",
			"enabled": true
		},
		{
			"key": "external_telemetry_service_root_ca",
			"value": "-----BEGIN CERTIFICATE-----\\nMIIDcDCCAligAwIBAgIUPFNWCFdiah1yJi8+j2b5CryNPLwwDQYJKoZIhvcNAQEL\\nBQAwUDELMAkGA1UEBhMCVVMxEzARBgNVBAgTCldhc2hpbmd0b24xEDAOBgNVBAcT\\nB1NlYXR0bGUxCzAJBgNVBAoTAkY1MQ0wCwYDVQQLEwREZW1vMB4XDTIyMDgwMzEw\\nNDAwMFoXDTI3MDgwMjEwNDAwMFowUDELMAkGA1UEBhMCVVMxEzARBgNVBAgTCldh\\nc2hpbmd0b24xEDAOBgNVBAcTB1NlYXR0bGUxCzAJBgNVBAoTAkY1MQ0wCwYDVQQL\\nEwREZW1vMIIBIjANBgkqhkiG9w0BAQEFAAOCAQ8AMIIBCgKCAQEA8vdRvLZr761D\\nhIdQu+vi9senqQBqijcH+/7arF0zpLVY9vKU/gvgy1uiJ7D7FH8f/xESNT4lTKZ8\\n+cMD2TD4q1mwlj5cy7BdyLwEs6Ok+GDxXZWYpsAItEaAJwbt0BBWszAEovQ/fWsb\\nX1ZCmiNuihDLatk9mV5HZAuQ9nn0TMXcFelrygVrrn3WbPjT/gck7gY6+lZpHrcW\\nmd0eIdU4XdkBGeEdH7wigAFIGvrSjh4FbnMnGLLTScWlceFUgQzQ/6uwJOGKFFh6\\nWW7OBl1lOQU7yqJdjLuSj0fzDlqUjiwJeKbldTQXWElkd6DwRadHFA5TqapYwaDs\\n22Ae1l0nRwIDAQABo0IwQDAOBgNVHQ8BAf8EBAMCAQYwDwYDVR0TAQH/BAUwAwEB\\n/zAdBgNVHQ4EFgQUteb+qsdxoIdaYz1ZEKkFpsUnvUswDQYJKoZIhvcNAQELBQAD\\nggEBAIxEQElu1ldsZC/x+mn4DHig0DOcurZmpXY9cLOPG9woucB98z/eaW6uxWKD\\nlC+3k+BAohKbjaCtipuELVFHUZXChnsZo3r2VVT3jdmc4kDB4rfMq/1cAWshr6UN\\nMgwAyakSm/gVPe5UF3wBmfG3KHDmbjyhuUcihbpXB+Nz2qbIL0es11CGengesjKG\\n5JgKmgOypsAknCEzpnHA9fX3BbhJP7bVOjZhWwMs1kJbcyVcXZ3Ytbpr0/g7dWLj\\nrzs4OMZMzgzgXvrQ5big1crivFuZuaINxMpIz/ttif0+vOLkMGWe7RY8fNfq5HUp\\nu6bGCaegJurMBkvLGE0gOJJAt9c=\\n-----END CERTIFICATE-----\\n",
			"type": "default",
			"enabled": true
		},
		{
			"key": "bigip_next_1_token",
			"value": "",
			"type": "any",
			"enabled": true
		}
	],
	"_postman_variable_scope": "environment",
	"_postman_exported_at": "2023-10-20T20:53:21.890Z",
	"_postman_exported_using": "Postman/10.19.6"
}